FIPS,RUCC_2013
01001,2
01003,3
01005,6
01007,1
01009,1
01011,6
01013,6
01015,3
01017,6
01019,6
01021,1
01023,9
01025,7
01027,9
01029,8
01031,4
01033,3
01035,7
01037,8
01039,6
01041,8
01043,4
01045,4
01047,4
01049,6
01051,2
01053,6
01055,3
01057,6
01059,6
01061,3
01063,8
01065,3
01067,3
01069,3
01071,6
01073,1
01075,8
01077,3
01079,3
01081,3
01083,2
01085,2
01087,6
01089,2
01091,7
01093,7
01095,4
01097,2
01099,7
01101,2
01103,3
01105,8
01107,3
01109,6
01111,6
01113,2
01115,1
01117,1
01119,8
01121,4
01123,6
01125,3
01127,1
01129,8
01131,9
01133,6
02013,9
02016,9
02020,2
02050,7
02060,9
02068,8
02070,9
02090,3
02100,9
02105,9
02110,5
02122,7
02130,7
02150,7
02164,9
02170,2
02180,7
02185,7
02188,7
02195,9
02198,9
02220,7
02230,9
02240,9
02261,9
02270,9
02275,9
02282,9
02290,9
04001,6
04003,3
04005,3
04007,4
04009,7
04011,7
04012,6
04013,1
04015,3
04017,4
04019,2
04021,1
04023,4
04025,3
04027,3
05001,6
05003,7
05005,7
05007,2
05009,7
05011,7
05013,9
05015,6
05017,7
05019,7
05021,7
05023,6
05025,3
05027,7
05029,6
05031,3
05033,2
05035,1
05037,6
05039,6
05041,6
05043,6
05045,2
05047,6
05049,9
05051,3
05053,2
05055,4
05057,6
05059,6
05061,6
05063,7
05065,9
05067,6
05069,3
05071,7
05073,8
05075,6
05077,7
05079,3
05081,3
05083,6
05085,2
05087,2
05089,9
05091,3
05093,4
05095,7
05097,8
05099,7
05101,9
05103,7
05105,2
05107,6
05109,9
05111,3
05113,7
05115,5
05117,8
05119,2
05121,7
05123,6
05125,2
05127,6
05129,9
05131,2
05133,6
05135,7
05137,9
05139,7
05141,8
05143,2
05145,4
05147,9
05149,6
06001,1
06003,8
06005,6
06007,3
06009,6
06011,6
06013,1
06015,7
06017,1
06019,2
06021,6
06023,5
06025,3
06027,7
06029,2
06031,3
06033,4
06035,7
06037,1
06039,3
06041,1
06043,8
06045,4
06047,2
06049,6
06051,7
06053,2
06055,3
06057,4
06059,1
06061,1
06063,7
06065,1
06067,1
06069,1
06071,1
06073,1
06075,1
06077,2
06079,2
06081,1
06083,2
06085,1
06087,2
06089,3
06091,8
06093,6
06095,2
06097,2
06099,2
06101,3
06103,4
06105,8
06107,2
06109,4
06111,2
06113,1
06115,3
08001,1
08003,7
08005,1
08007,7
08009,9
08011,7
08013,2
08014,1
08015,7
08017,9
08019,1
08021,9
08023,9
08025,8
08027,8
08029,6
08031,1
08033,9
08035,1
08037,5
08039,1
08041,2
08043,4
08045,5
08047,1
08049,7
08051,7
08053,9
08055,6
08057,9
08059,1
08061,9
08063,7
08065,6
08067,4
08069,2
08071,7
08073,8
08075,7
08077,3
08079,9
08081,7
08083,6
08085,4
08087,6
08089,6
08091,9
08093,1
08095,9
08097,7
08099,7
08101,3
08103,9
08105,7
08107,7
08109,9
08111,9
08113,9
08115,9
08117,5
08119,2
08121,9
08123,2
08125,7
09001,2
09003,1
09005,4
09007,1
09009,2
09011,2
09013,1
09015,2
10001,3
10003,1
10005,2
11001,1
12001,2
12003,1
12005,3
12007,6
12009,2
12011,1
12013,6
12015,3
12017,3
12019,1
12021,2
12023,4
12027,6
12029,6
12031,1
12033,2
12035,2
12037,6
12039,2
12041,2
12043,6
12045,3
12047,6
12049,6
12051,4
12053,1
12055,3
12057,1
12059,6
12061,3
12063,6
12065,2
12067,9
12069,1
12071,2
12073,2
12075,6
12077,8
12079,6
12081,2
12083,2
12085,2
12086,1
12087,4
12089,1
12091,3
12093,4
12095,1
12097,1
12099,1
12101,1
12103,1
12105,2
12107,4
12109,1
12111,2
12113,2
12115,2
12117,1
12119,3
12121,6
12123,6
12125,6
12127,2
12129,2
12131,3
12133,6
13001,7
13003,9
13005,7
13007,3
13009,4
13011,8
13013,1
13015,1
13017,7
13019,6
13021,3
13023,6
13025,3
13027,3
13029,2
13031,4
13033,2
13035,1
13037,8
13039,4
13043,7
13045,1
13047,2
13049,6
13051,2
13053,2
13055,6
13057,1
13059,3
13061,9
13063,1
13065,6
13067,1
13069,7
13071,6
13073,2
13075,6
13077,1
13079,3
13081,6
13083,2
13085,1
13087,6
13089,1
13091,6
13093,6
13095,3
13097,1
13099,6
13101,3
13103,2
13105,6
13107,7
13109,6
13111,8
13113,1
13115,3
13117,1
13119,8
13121,1
13123,6
13125,9
13127,3
13129,4
13131,6
13133,6
13135,1
13137,6
13139,3
13141,7
13143,1
13145,2
13147,6
13149,1
13151,1
13153,3
13155,7
13157,4
13159,1
13161,7
13163,6
13165,6
13167,7
13169,3
13171,1
13173,3
13175,5
13177,3
13179,3
13181,2
13183,3
13185,3
13187,6
13189,2
13191,3
13193,6
13195,3
13197,2
13199,1
13201,8
13205,6
13207,3
13209,9
13211,1
13213,3
13215,2
13217,1
13219,3
13221,3
13223,1
13225,3
13227,1
13229,6
13231,1
13233,4
13235,3
13237,6
13239,9
13241,7
13243,6
13245,2
13247,1
13249,8
13251,6
13253,6
13255,1
13257,7
13259,8
13261,6
13263,8
13265,8
13267,6
13269,8
13271,7
13273,3
13275,4
13277,5
13279,7
13281,9
13283,7
13285,4
13287,6
13289,3
13291,9
13293,6
13295,2
13297,1
13299,5
13301,8
13303,7
13305,6
13307,8
13309,9
13311,6
13313,3
13315,8
13317,6
13319,8
13321,3
15001,5
15003,2
15005,3
15007,5
15009,3
16001,2
16003,9
16005,3
16007,9
16009,6
16011,4
16013,7
16015,2
16017,6
16019,3
16021,7
16023,3
16025,9
16027,2
16029,6
16031,7
16033,9
16035,6
16037,8
16039,6
16041,3
16043,6
16045,2
16047,7
16049,6
16051,3
16053,7
16055,3
16057,4
16059,7
16061,8
16063,9
16065,4
16067,7
16069,3
16071,8
16073,2
16075,6
16077,6
16079,6
16081,9
16083,5
16085,8
16087,6
17001,5
17003,3
17005,1
17007,2
17009,7
17011,7
17013,1
17015,7
17017,6
17019,3
17021,6
17023,6
17025,7
17027,1
17029,5
17031,1
17033,7
17035,9
17037,1
17039,3
17041,6
17043,1
17045,6
17047,9
17049,7
17051,6
17053,3
17055,4
17057,6
17059,8
17061,6
17063,1
17065,7
17067,7
17069,9
17071,9
17073,2
17075,6
17077,3
17079,7
17081,7
17083,1
17085,6
17087,8
17089,1
17091,3
17093,1
17095,4
17097,1
17099,4
17101,7
17103,6
17105,4
17107,6
17109,5
17111,1
17113,3
17115,3
17117,1
17119,1
17121,4
17123,2
17125,6
17127,7
17129,3
17131,2
17133,1
17135,6
17137,4
17139,6
17141,4
17143,2
17145,6
17147,3
17149,7
17151,8
17153,8
17155,8
17157,6
17159,7
17161,2
17163,1
17165,6
17167,3
17169,7
17171,9
17173,6
17175,2
17177,4
17179,2
17181,6
17183,3
17185,7
17187,6
17189,6
17191,7
17193,6
17195,4
17197,1
17199,3
17201,2
17203,2
18001,6
18003,2
18005,3
18007,3
18009,6
18011,1
18013,1
18015,3
18017,4
18019,1
18021,3
18023,6
18025,8
18027,7
18029,1
18031,6
18033,4
18035,3
18037,5
18039,3
18041,6
18043,1
18045,6
18047,6
18049,7
18051,6
18053,4
18055,6
18057,1
18059,1
18061,1
18063,1
18065,4
18067,3
18069,6
18071,4
18073,1
18075,6
18077,6
18079,6
18081,1
18083,5
18085,4
18087,6
18089,1
18091,3
18093,6
18095,1
18097,1
18099,6
18101,7
18103,6
18105,3
18107,6
18109,1
18111,1
18113,6
18115,1
18117,6
18119,3
18121,6
18123,6
18125,8
18127,1
18129,2
18131,6
18133,1
18135,6
18137,6
18139,6
18141,2
18143,1
18145,1
18147,8
18149,6
18151,7
18153,3
18155,8
18157,3
18159,6
18161,1
18163,2
18165,3
18167,3
18169,6
18171,8
18173,2
18175,1
18177,5
18179,2
18181,6
18183,2
19001,8
19003,9
19005,6
19007,7
19009,8
19011,2
19013,3
19015,6
19017,3
19019,6
19021,7
19023,8
19025,9
19027,7
19029,6
19031,6
19033,5
19035,6
19037,6
19039,6
19041,7
19043,8
19045,4
19047,7
19049,2
19051,9
19053,9
19055,6
19057,5
19059,7
19061,3
19063,7
19065,6
19067,7
19069,7
19071,8
19073,6
19075,3
19077,2
19079,6
19081,7
19083,6
19085,2
19087,6
19089,6
19091,7
19093,8
19095,6
19097,6
19099,6
19101,7
19103,3
19105,2
19107,8
19109,7
19111,5
19113,2
19115,8
19117,6
19119,8
19121,2
19123,7
19125,6
19127,4
19129,2
19131,7
19133,6
19135,7
19137,6
19139,4
19141,7
19143,7
19145,6
19147,7
19149,3
19151,9
19153,2
19155,2
19157,7
19159,9
19161,9
19163,2
19165,6
19167,7
19169,3
19171,6
19173,9
19175,6
19177,9
19179,5
19181,2
19183,3
19185,9
19187,5
19189,7
19191,7
19193,3
19195,9
19197,7
20001,7
20003,6
20005,6
20007,9
20009,7
20011,6
20013,6
20015,2
20017,9
20019,8
20021,6
20023,9
20025,9
20027,6
20029,7
20031,6
20033,9
20035,4
20037,4
20039,9
20041,7
20043,3
20045,3
20047,9
20049,8
20051,5
20053,7
20055,5
20057,5
20059,6
20061,4
20063,9
20065,9
20067,7
20069,9
20071,9
20073,6
20075,9
20077,8
20079,2
20081,9
20083,9
20085,3
20087,3
20089,9
20091,1
20093,9
20095,2
20097,9
20099,7
20101,9
20103,1
20105,9
20107,1
20109,9
20111,4
20113,7
20115,6
20117,6
20119,9
20121,1
20123,7
20125,5
20127,8
20129,9
20131,6
20133,7
20135,9
20137,7
20139,3
20141,9
20143,9
20145,7
20147,7
20149,3
20151,7
20153,9
20155,4
20157,9
20159,7
20161,3
20163,9
20165,9
20167,7
20169,5
20171,7
20173,2
20175,5
20177,3
20179,9
20181,7
20183,9
20185,9
20187,9
20189,7
20191,2
20193,7
20195,9
20197,3
20199,9
20201,9
20203,9
20205,7
20207,9
20209,1
21001,7
21003,3
21005,6
21007,9
21009,6
21011,8
21013,7
21015,1
21017,2
21019,2
21021,7
21023,1
21025,7
21027,8
21029,1
21031,3
21033,7
21035,7
21037,1
21039,9
21041,6
21043,6
21045,9
21047,2
21049,2
21051,7
21053,9
21055,7
21057,9
21059,3
21061,3
21063,9
21065,6
21067,2
21069,7
21071,7
21073,4
21075,9
21077,1
21079,6
21081,1
21083,7
21085,6
21087,8
21089,2
21091,3
21093,3
21095,7
21097,6
21099,8
21101,2
21103,1
21105,9
21107,5
21109,9
21111,1
21113,2
21115,7
21117,1
21119,9
21121,7
21123,3
21125,5
21127,6
21129,9
21131,9
21133,9
21135,8
21137,7
21139,9
21141,6
21143,9
21145,5
21147,9
21149,3
21151,4
21153,9
21155,7
21157,7
21159,9
21161,6
21163,3
21165,9
21167,6
21169,9
21171,8
21173,6
21175,9
21177,6
21179,6
21181,8
21183,6
21185,1
21187,8
21189,9
21191,1
21193,7
21195,7
21197,6
21199,5
21201,8
21203,7
21205,7
21207,9
21209,2
21211,1
21213,6
21215,1
21217,7
21219,8
21221,2
21223,1
21225,6
21227,3
21229,9
21231,7
21233,8
21235,7
21237,9
21239,2
22001,2
22003,6
22005,2
22007,6
22009,6
22011,6
22013,6
22015,2
22017,2
22019,3
22021,8
22023,3
22025,9
22027,6
22029,7
22031,2
22033,2
22035,7
22037,2
22039,6
22041,7
22043,3
22045,2
22047,2
22049,6
22051,1
22053,6
22055,2
22057,3
22059,6
22061,4
22063,2
22065,7
22067,6
22069,6
22071,1
22073,3
22075,1
22077,2
22079,3
22081,8
22083,6
22085,6
22087,1
22089,1
22091,2
22093,1
22095,1
22097,4
22099,2
22101,4
22103,1
22105,3
22107,9
22109,3
22111,3
22113,2
22115,5
22117,6
22119,2
22121,2
22123,9
22125,2
22127,6
23001,3
23003,7
23005,2
23007,6
23009,6
23011,4
23013,7
23015,8
23017,6
23019,3
23021,8
23023,2
23025,6
23027,6
23029,7
23031,2
24001,3
24003,1
24005,1
24009,1
24011,6
24013,1
24015,1
24017,1
24019,6
24021,1
24023,6
24025,1
24027,1
24029,6
24031,1
24033,1
24035,1
24037,3
24039,2
24041,6
24043,2
24045,2
24047,2
24510,1
25001,3
25003,3
25005,1
25007,7
25009,1
25011,4
25013,2
25015,2
25017,1
25019,7
25021,1
25023,1
25025,1
25027,2
26001,9
26003,7
26005,4
26007,7
26009,9
26011,8
26013,9
26015,2
26017,3
26019,9
26021,3
26023,6
26025,3
26027,2
26029,7
26031,7
26033,7
26035,6
26037,2
26039,7
26041,5
26043,7
26045,2
26047,7
26049,2
26051,6
26053,7
26055,5
26057,6
26059,6
26061,5
26063,7
26065,2
26067,4
26069,7
26071,7
26073,4
26075,3
26077,2
26079,7
26081,2
26083,9
26085,9
26087,1
26089,9
26091,4
26093,1
26095,7
26097,7
26099,1
26101,7
26103,5
26105,7
26107,6
26109,7
26111,3
26113,9
26115,3
26117,2
26119,9
26121,3
26123,6
26125,1
26127,6
26129,9
26131,9
26133,9
26135,9
26137,7
26139,2
26141,7
26143,7
26145,3
26147,1
26149,4
26151,6
26153,7
26155,4
26157,6
26159,2
26161,2
26163,1
26165,7
27001,8
27003,1
27005,6
27007,7
27009,3
27011,9
27013,3
27015,6
27017,2
27019,1
27021,9
27023,7
27025,1
27027,3
27029,8
27031,9
27033,7
27035,4
27037,1
27039,3
27041,6
27043,6
27045,3
27047,7
27049,4
27051,9
27053,1
27055,3
27057,7
27059,1
27061,6
27063,7
27065,6
27067,4
27069,9
27071,6
27073,9
27075,6
27077,9
27079,1
27081,9
27083,7
27085,6
27087,8
27089,8
27091,7
27093,6
27095,1
27097,6
27099,4
27101,9
27103,3
27105,7
27107,8
27109,3
27111,6
27113,6
27115,6
27117,6
27119,3
27121,8
27123,1
27125,8
27127,7
27129,8
27131,4
27133,6
27135,7
27137,2
27139,1
27141,1
27143,1
27145,3
27147,5
27149,7
27151,7
27153,6
27155,9
27157,3
27159,7
27161,6
27163,1
27165,6
27167,6
27169,4
27171,1
27173,9
28001,5
28003,7
28005,8
28007,6
28009,1
28011,7
28013,9
28015,9
28017,7
28019,9
28021,8
28023,9
28025,7
28027,7
28029,2
28031,8
28033,1
28035,3
28037,9
28039,6
28041,8
28043,7
28045,2
28047,2
28049,2
28051,6
28053,6
28055,8
28057,7
28059,2
28061,9
28063,8
28065,8
28067,4
28069,9
28071,4
28073,3
28075,5
28077,8
28079,6
28081,5
28083,5
28085,6
28087,5
28089,2
28091,6
28093,1
28095,7
28097,7
28099,7
28101,7
28103,7
28105,5
28107,6
28109,6
28111,3
28113,6
28115,7
28117,7
28119,6
28121,2
28123,6
28125,8
28127,2
28129,8
28131,6
28133,7
28135,7
28137,1
28139,6
28141,8
28143,1
28145,6
28147,9
28149,4
28151,5
28153,7
28155,9
28157,8
28159,7
28161,7
28163,2
29001,7
29003,3
29005,9
29007,6
29009,6
29011,6
29013,1
29015,7
29017,3
29019,3
29021,3
29023,5
29025,1
29027,3
29029,7
29031,3
29033,6
29035,9
29037,1
29039,6
29041,9
29043,2
29045,9
29047,1
29049,1
29051,3
29053,6
29055,6
29057,8
29059,2
29061,8
29063,3
29065,7
29067,6
29069,7
29071,1
29073,6
29075,8
29077,2
29079,7
29081,7
29083,6
29085,8
29087,8
29089,6
29091,7
29093,7
29095,1
29097,3
29099,1
29101,4
29103,9
29105,6
29107,1
29109,6
29111,9
29113,1
29115,7
29117,6
29119,2
29121,7
29123,6
29125,8
29127,5
29129,9
29131,6
29133,6
29135,3
29137,9
29139,6
29141,8
29143,7
29145,3
29147,6
29149,9
29151,3
29153,9
29155,7
29157,6
29159,4
29161,5
29163,6
29165,1
29167,2
29169,5
29171,9
29173,9
29175,6
29177,1
29179,9
29181,9
29183,1
29185,8
29186,6
29187,4
29189,1
29195,6
29197,9
29199,9
29201,4
29203,9
29205,9
29207,6
29209,6
29211,9
29213,4
29215,9
29217,7
29219,1
29221,6
29223,9
29225,2
29227,9
29229,6
29510,1
30001,7
30003,6
30005,9
30007,9
30009,3
30011,9
30013,3
30015,8
30017,7
30019,9
30021,7
30023,7
30025,9
30027,7
30029,5
30031,5
30033,9
30035,7
30037,3
30039,8
30041,7
30043,9
30045,8
30047,6
30049,5
30051,9
30053,7
30055,9
30057,9
30059,9
30061,8
30063,3
30065,8
30067,7
30069,9
30071,9
30073,7
30075,9
30077,6
30079,9
30081,6
30083,7
30085,7
30087,9
30089,8
30091,9
30093,5
30095,8
30097,9
30099,8
30101,7
30103,8
30105,7
30107,9
30109,9
30111,3
31001,4
31003,9
31005,9
31007,9
31009,9
31011,9
31013,7
31015,9
31017,9
31019,4
31021,8
31023,6
31025,2
31027,9
31029,9
31031,7
31033,7
31035,8
31037,7
31039,7
31041,7
31043,3
31045,7
31047,7
31049,9
31051,3
31053,4
31055,2
31057,9
31059,8
31061,9
31063,9
31065,9
31067,6
31069,9
31071,9
31073,9
31075,9
31077,8
31079,3
31081,3
31083,9
31085,9
31087,9
31089,7
31091,9
31093,3
31095,7
31097,8
31099,7
31101,7
31103,9
31105,8
31107,9
31109,2
31111,5
31113,9
31115,9
31117,9
31119,5
31121,3
31123,9
31125,8
31127,7
31129,9
31131,6
31133,9
31135,9
31137,7
31139,9
31141,5
31143,9
31145,7
31147,7
31149,9
31151,6
31153,2
31155,2
31157,5
31159,2
31161,9
31163,8
31165,9
31167,9
31169,9
31171,9
31173,8
31175,9
31177,2
31179,6
31181,9
31183,9
31185,6
32001,6
32003,1
32005,4
32007,5
32009,9
32011,9
32013,7
32015,7
32017,8
32019,4
32021,7
32023,4
32027,9
32029,2
32031,2
32033,7
32510,3
33001,4
33003,6
33005,4
33007,7
33009,5
33011,2
33013,4
33015,1
33017,1
33019,7
34001,2
34003,1
34005,1
34007,1
34009,3
34011,3
34013,1
34015,1
34017,1
34019,1
34021,2
34023,1
34025,1
34027,1
34029,1
34031,1
34033,1
34035,1
34037,1
34039,1
34041,2
35001,2
35003,9
35005,5
35006,6
35007,7
35009,5
35011,9
35013,3
35015,5
35017,7
35019,7
35021,9
35023,9
35025,5
35027,7
35028,6
35029,6
35031,5
35033,9
35035,4
35037,7
35039,4
35041,7
35043,2
35045,3
35047,6
35049,3
35051,6
35053,6
35055,7
35057,2
35059,9
35061,2
36001,2
36003,7
36005,1
36007,2
36009,4
36011,4
36013,4
36015,3
36017,6
36019,5
36021,6
36023,4
36025,6
36027,1
36029,1
36031,6
36033,7
36035,4
36037,4
36039,6
36041,8
36043,2
36045,3
36047,1
36049,6
36051,1
36053,2
36055,1
36057,4
36059,1
36061,1
36063,1
36065,2
36067,2
36069,1
36071,1
36073,1
36075,2
36077,7
36079,1
36081,1
36083,2
36085,1
36087,1
36089,4
36091,2
36093,2
36095,2
36097,6
36099,6
36101,4
36103,1
36105,4
36107,2
36109,3
36111,3
36113,3
36115,3
36117,1
36119,1
36121,6
36123,1
37001,3
37003,2
37005,9
37007,6
37009,7
37011,8
37013,6
37015,7
37017,6
37019,2
37021,2
37023,2
37025,1
37027,2
37029,8
37031,4
37033,8
37035,2
37037,2
37039,9
37041,6
37043,9
37045,4
37047,6
37049,3
37051,2
37053,1
37055,4
37057,2
37059,2
37061,6
37063,2
37065,3
37067,2
37069,1
37071,1
37073,1
37075,9
37077,4
37079,8
37081,2
37083,4
37085,4
37087,2
37089,2
37091,6
37093,2
37095,9
37097,1
37099,6
37101,1
37103,3
37105,4
37107,4
37109,1
37111,6
37113,7
37115,2
37117,6
37119,1
37121,7
37123,6
37125,4
37127,3
37129,2
37131,9
37133,3
37135,2
37137,3
37139,4
37141,2
37143,8
37145,2
37147,3
37149,8
37151,2
37153,5
37155,4
37157,2
37159,1
37161,4
37163,6
37165,6
37167,6
37169,2
37171,4
37173,8
37175,6
37177,9
37179,1
37181,4
37183,1
37185,8
37187,7
37189,5
37191,3
37193,6
37195,4
37197,2
37199,8
38001,9
38003,6
38005,9
38007,9
38009,9
38011,9
38013,9
38015,3
38017,3
38019,9
38021,9
38023,9
38025,9
38027,9
38029,8
38031,9
38033,9
38035,3
38037,8
38039,9
38041,9
38043,8
38045,9
38047,9
38049,9
38051,9
38053,9
38055,8
38057,7
38059,3
38061,9
38063,8
38065,3
38067,9
38069,7
38071,7
38073,8
38075,9
38077,6
38079,9
38081,9
38083,9
38085,3
38087,9
38089,7
38091,8
38093,7
38095,9
38097,8
38099,6
38101,5
38103,9
38105,7
39001,6
39003,3
39005,4
39007,4
39009,4
39011,4
39013,3
39015,1
39017,1
39019,2
39021,6
39023,3
39025,1
39027,6
39029,4
39031,6
39033,4
39035,1
39037,6
39039,4
39041,1
39043,4
39045,1
39047,6
39049,1
39051,2
39053,6
39055,1
39057,2
39059,6
39061,1
39063,4
39065,6
39067,6
39069,6
39071,6
39073,1
39075,7
39077,4
39079,7
39081,3
39083,4
39085,1
39087,2
39089,1
39091,6
39093,1
39095,2
39097,1
39099,2
39101,4
39103,1
39105,6
39107,7
39109,2
39111,8
39113,2
39115,6
39117,1
39119,4
39121,7
39123,4
39125,6
39127,1
39129,1
39131,7
39133,2
39135,6
39137,6
39139,3
39141,4
39143,4
39145,4
39147,4
39149,4
39151,2
39153,2
39155,2
39157,4
39159,1
39161,6
39163,8
39165,1
39167,4
39169,4
39171,6
39173,2
39175,7
40001,6
40003,9
40005,9
40007,9
40009,7
40011,6
40013,6
40015,6
40017,1
40019,5
40021,6
40023,7
40025,9
40027,1
40029,9
40031,3
40033,3
40035,6
40037,2
40039,7
40041,6
40043,9
40045,9
40047,5
40049,6
40051,1
40053,9
40055,7
40057,9
40059,9
40061,6
40063,7
40065,7
40067,8
40069,9
40071,5
40073,6
40075,6
40077,7
40079,2
40081,1
40083,1
40085,9
40087,1
40089,7
40091,6
40093,9
40095,6
40097,6
40099,7
40101,4
40103,6
40105,6
40107,6
40109,1
40111,2
40113,2
40115,6
40117,2
40119,4
40121,5
40123,7
40125,4
40127,9
40129,9
40131,2
40133,7
40135,2
40137,4
40139,7
40141,6
40143,2
40145,2
40147,4
40149,7
40151,7
40153,7
41001,7
41003,3
41005,1
41007,4
41009,1
41011,5
41013,6
41015,7
41017,3
41019,4
41021,9
41023,9
41025,7
41027,6
41029,3
41031,6
41033,3
41035,5
41037,7
41039,2
41041,5
41043,3
41045,6
41047,2
41049,6
41051,1
41053,2
41055,9
41057,6
41059,4
41061,7
41063,9
41065,6
41067,1
41069,9
41071,1
42001,3
42003,1
42005,1
42007,1
42009,6
42011,2
42013,3
42015,6
42017,1
42019,1
42021,3
42023,7
42025,2
42027,3
42029,1
42031,6
42033,4
42035,4
42037,3
42039,4
42041,2
42043,2
42045,1
42047,7
42049,2
42051,1
42053,9
42055,3
42057,8
42059,6
42061,6
42063,4
42065,7
42067,6
42069,2
42071,2
42073,4
42075,3
42077,2
42079,2
42081,3
42083,7
42085,2
42087,4
42089,3
42091,1
42093,3
42095,2
42097,4
42099,2
42101,1
42103,1
42105,9
42107,4
42109,7
42111,4
42113,8
42115,6
42117,6
42119,4
42121,4
42123,6
42125,1
42127,6
42129,1
42131,2
42133,2
44001,1
44003,1
44005,1
44007,1
44009,1
45001,6
45003,2
45005,6
45007,2
45009,7
45011,6
45013,3
45015,2
45017,2
45019,2
45021,4
45023,1
45025,6
45027,6
45029,6
45031,3
45033,6
45035,2
45037,2
45039,2
45041,3
45043,4
45045,2
45047,4
45049,6
45051,2
45053,3
45055,2
45057,1
45059,2
45061,6
45063,2
45065,8
45067,6
45069,6
45071,6
45073,4
45075,4
45077,2
45079,2
45081,2
45083,2
45085,3
45087,2
45089,6
45091,1
46003,9
46005,7
46007,9
46009,9
46011,5
46013,5
46015,9
46017,9
46019,6
46021,9
46023,9
46025,9
46027,6
46029,5
46031,9
46033,3
46035,7
46037,9
46039,9
46041,9
46043,9
46045,9
46047,6
46049,9
46051,7
46053,9
46055,8
46057,9
46059,9
46061,8
46063,9
46065,7
46067,8
46069,9
46071,8
46073,9
46075,9
46077,9
46079,6
46081,6
46083,3
46085,9
46087,3
46089,9
46091,9
46093,3
46095,9
46097,8
46099,3
46101,8
46103,3
46105,8
46107,9
46109,9
46111,9
46113,6
46115,9
46117,9
46119,9
46121,9
46123,7
46125,3
46127,3
46129,7
46135,7
46137,8
47001,2
47003,4
47005,7
47007,8
47009,2
47011,3
47013,2
47015,1
47017,6
47019,3
47021,1
47023,3
47025,6
47027,9
47029,6
47031,4
47033,3
47035,4
47037,1
47039,9
47041,6
47043,1
47045,5
47047,1
47049,9
47051,6
47053,4
47055,6
47057,2
47059,4
47061,8
47063,3
47065,2
47067,8
47069,6
47071,6
47073,2
47075,6
47077,6
47079,7
47081,1
47083,8
47085,6
47087,8
47089,3
47091,6
47093,2
47095,9
47097,6
47099,6
47101,6
47103,6
47105,2
47107,4
47109,6
47111,1
47113,3
47115,2
47117,6
47119,1
47121,8
47123,6
47125,2
47127,9
47129,2
47131,7
47133,7
47135,8
47137,9
47139,3
47141,4
47143,6
47145,2
47147,1
47149,1
47151,6
47153,2
47155,4
47157,1
47159,1
47161,8
47163,2
47165,1
47167,1
47169,1
47171,3
47173,2
47175,9
47177,6
47179,3
47181,8
47183,7
47185,7
47187,1
47189,1
48001,7
48003,6
48005,5
48007,2
48009,3
48011,2
48013,1
48015,1
48017,7
48019,1
48021,1
48023,8
48025,6
48027,2
48029,1
48031,8
48033,8
48035,6
48037,3
48039,1
48041,3
48043,7
48045,9
48047,7
48049,5
48051,3
48053,6
48055,1
48057,6
48059,3
48061,2
48063,6
48065,2
48067,6
48069,6
48071,1
48073,6
48075,7
48077,3
48079,9
48081,8
48083,6
48085,1
48087,9
48089,6
48091,1
48093,7
48095,8
48097,6
48099,2
48101,9
48103,6
48105,7
48107,2
48109,9
48111,7
48113,1
48115,7
48117,6
48119,8
48121,1
48123,6
48125,8
48127,6
48129,8
48131,7
48133,6
48135,3
48137,9
48139,1
48141,2
48143,4
48145,2
48147,6
48149,6
48151,8
48153,6
48155,9
48157,1
48159,7
48161,7
48163,6
48165,7
48167,1
48169,6
48171,7
48173,8
48175,3
48177,6
48179,6
48181,3
48183,3
48185,6
48187,1
48189,4
48191,9
48193,6
48195,7
48197,9
48199,2
48201,1
48203,4
48205,7
48207,6
48209,1
48211,7
48213,4
48215,2
48217,6
48219,6
48221,1
48223,6
48225,7
48227,4
48229,2
48231,1
48233,6
48235,3
48237,6
48239,6
48241,6
48243,9
48245,2
48247,6
48249,4
48251,1
48253,3
48255,6
48257,1
48259,1
48261,9
48263,9
48265,4
48267,7
48269,9
48271,7
48273,4
48275,9
48277,5
48279,6
48281,2
48283,6
48285,6
48287,6
48289,8
48291,1
48293,6
48295,9
48297,8
48299,7
48301,9
48303,2
48305,2
48307,7
48309,2
48311,9
48313,6
48315,8
48317,3
48319,9
48321,4
48323,5
48325,1
48327,9
48329,3
48331,6
48333,9
48335,7
48337,6
48339,1
48341,7
48343,6
48345,9
48347,5
48349,4
48351,2
48353,6
48355,2
48357,7
48359,2
48361,2
48363,6
48365,6
48367,1
48369,7
48371,7
48373,6
48375,2
48377,7
48379,8
48381,2
48383,6
48385,9
48387,6
48389,7
48391,6
48393,9
48395,3
48397,1
48399,6
48401,3
48403,8
48405,9
48407,8
48409,2
48411,7
48413,8
48415,7
48417,8
48419,7
48421,9
48423,3
48425,1
48427,4
48429,7
48431,8
48433,9
48435,7
48437,6
48439,1
48441,3
48443,9
48445,6
48447,9
48449,7
48451,3
48453,1
48455,7
48457,6
48459,3
48461,8
48463,6
48465,5
48467,6
48469,3
48471,4
48473,1
48475,6
48477,6
48479,2
48481,4
48483,9
48485,3
48487,6
48489,6
48491,1
48493,1
48495,6
48497,1
48499,6
48501,7
48503,7
48505,6
48507,7
49001,7
49003,2
49005,3
49007,7
49009,9
49011,2
49013,7
49015,7
49017,9
49019,7
49021,4
49023,2
49025,6
49027,7
49029,2
49031,9
49033,8
49035,1
49037,7
49039,6
49041,7
49043,4
49045,1
49047,7
49049,2
49051,6
49053,3
49055,9
49057,2
50001,6
50003,6
50005,7
50007,3
50009,9
50011,3
50013,3
50015,8
50017,9
50019,7
50021,4
50023,4
50025,7
50027,7
51001,8
51003,3
51005,6
51007,1
51009,2
51011,2
51013,1
51015,3
51017,8
51019,2
51021,8
51023,2
51025,6
51027,9
51029,3
51031,2
51033,1
51035,7
51036,1
51037,8
51041,1
51043,1
51045,2
51047,1
51049,8
51051,9
51053,1
51057,6
51059,1
51061,1
51063,3
51065,3
51067,2
51069,3
51071,3
51073,1
51075,1
51077,9
51079,3
51081,6
51083,6
51085,1
51087,1
51089,4
51091,8
51093,1
51095,1
51097,8
51099,6
51101,1
51103,9
51105,8
51107,1
51109,8
51111,9
51113,8
51115,1
51117,7
51119,8
51121,3
51125,3
51127,1
51131,8
51133,9
51135,6
51137,6
51139,6
51141,8
51143,4
51145,1
51147,6
51149,1
51153,1
51155,3
51157,1
51159,9
51161,2
51163,6
51165,3
51167,7
51169,2
51171,6
51173,7
51175,6
51177,1
51179,1
51181,8
51183,1
51185,5
51187,1
51191,2
51193,6
51195,7
51197,6
51199,1
51510,1
51515,2
51520,2
51530,6
51540,3
51550,1
51570,1
51580,6
51590,4
51595,6
51600,1
51610,1
51620,6
51630,1
51640,7
51650,1
51660,3
51670,1
51678,6
51680,2
51683,1
51685,1
51690,4
51700,1
51710,1
51720,7
51730,1
51735,1
51740,1
51750,3
51760,1
51770,2
51775,2
51790,3
51800,1
51810,1
51820,3
51830,1
51840,3
53001,6
53003,3
53005,2
53007,3
53009,5
53011,1
53013,3
53015,3
53017,3
53019,9
53021,2
53023,8
53025,5
53027,4
53029,4
53031,6
53033,1
53035,2
53037,4
53039,6
53041,4
53043,8
53045,4
53047,6
53049,7
53051,2
53053,1
53055,9
53057,3
53059,1
53061,1
53063,2
53065,2
53067,2
53069,8
53071,3
53073,3
53075,4
53077,3
54001,6
54003,2
54005,3
54007,8
54009,3
54011,2
54013,8
54015,3
54017,9
54019,3
54021,7
54023,7
54025,6
54027,3
54029,3
54031,6
54033,5
54035,6
54037,1
54039,3
54041,7
54043,2
54045,6
54047,7
54049,4
54051,3
54053,6
54055,4
54057,3
54059,7
54061,3
54063,8
54065,8
54067,6
54069,3
54071,8
54073,6
54075,9
54077,3
54079,2
54081,3
54083,7
54085,8
54087,6
54089,6
54091,6
54093,8
54095,9
54097,7
54099,2
54101,9
54103,6
54105,3
54107,3
54109,6
55001,8
55003,7
55005,6
55007,8
55009,2
55011,8
55013,8
55015,3
55017,3
55019,6
55021,2
55023,7
55025,2
55027,4
55029,6
55031,2
55033,6
55035,3
55037,9
55039,3
55041,9
55043,6
55045,2
55047,6
55049,2
55051,9
55053,6
55055,4
55057,7
55059,1
55061,2
55063,3
55065,8
55067,6
55069,6
55071,4
55073,3
55075,6
55077,8
55078,8
55079,1
55081,6
55083,2
55085,7
55087,3
55089,1
55091,8
55093,1
55095,6
55097,4
55099,9
55101,3
55103,6
55105,3
55107,6
55109,1
55111,4
55113,7
55115,6
55117,3
55119,6
55121,6
55123,6
55125,9
55127,4
55129,7
55131,1
55133,1
55135,6
55137,6
55139,3
55141,4
56001,4
56003,9
56005,5
56007,7
56009,6
56011,9
56013,7
56015,7
56017,7
56019,7
56021,3
56023,7
56025,3
56027,9
56029,7
56031,7
56033,7
56035,9
56037,5
56039,7
56041,7
56043,7
56045,7
72001,6
72003,2
72005,2
72007,1
72009,1
72011,2
72013,3
72015,3
72017,1
72019,1
72021,1
72023,3
72025,1
72027,3
72029,1
72031,1
72033,1
72035,1
72037,1
72039,1
72041,1
72043,4
72045,1
72047,1
72049,9
72051,1
72053,1
72054,1
72055,2
72057,3
72059,2
72061,1
72063,1
72065,3
72067,3
72069,1
72071,2
72073,6
72075,2
72077,1
72079,3
72081,2
72083,6
72085,1
72087,1
72089,1
72091,1
72093,6
72095,1
72097,3
72099,2
72101,1
72103,1
72105,1
72107,1
72109,3
72111,2
72113,2
72115,3
72117,2
72119,1
72121,3
72123,4
72125,3
72127,1
72129,1
72131,2
72133,4
72135,1
72137,1
72139,1
72141,2
72143,1
72145,1
72147,7
72149,2
72151,1
72153,2
